despesa,pago
"pessoal civil pago pela unidade",554779834
"contrib estado p/cobertura insuf fin-spprev",218988652
"contrib patronal-sao paulo previdencia-sppre",84308080
"auxilio - alimentacao",72478551
"previdencia social/pessoal clt",25108528
"auxilio financeiro a estudantes",23071919
"outros servicos de terceiros",21304401
"servicos de vigilancia",18915607
"agua e esgotos",17019529
"pessoal civil pago pela unidade-1/3 ferias",15810230
"contribuicoes p/formacao do pasep/pis",15051675
"abono de permanencia",14901061
"convenios c/entid.privadas s/fins lucrativos",13464790
"energia eletrica",12267895
"servicos de limpeza",11471386
"generos alimenticios",10309047
"fundo de garantia por tempo de servico",9511483
"assin.de jornais,periodicos e clipagem",7907903
"execucao de obras e instalacoes",6431497
"transporte para locomocao de servidores",4849437
