despesa,pago
"PESSOAL CIVIL PAGO PELA UNIDADE",554779834
"CONTRIB ESTADO P/COBERTURA INSUF FIN-SPPREV",218988652
"CONTRIB PATRONAL-SAO PAULO PREVIDENCIA-SPPRE",84308080
"AUXILIO - ALIMENTACAO",72478551
"PREVIDENCIA SOCIAL/PESSOAL CLT",25108528
"AUXILIO FINANCEIRO A ESTUDANTES",23071919
"OUTROS SERVICOS DE TERCEIROS",21304401
"SERVICOS DE VIGILANCIA",18915607
"AGUA E ESGOTOS",17019529
"PESSOAL CIVIL PAGO PELA UNIDADE-1/3 FERIAS",15810230
"CONTRIBUICOES P/FORMACAO DO PASEP/PIS",15051675
"ABONO DE PERMANENCIA",14901061
"CONVENIOS C/ENTID.PRIVADAS S/FINS LUCRATIVOS",13464790
"ENERGIA ELETRICA",12267895
"SERVICOS DE LIMPEZA",11471386
"GENEROS ALIMENTICIOS",10309047
"FUNDO DE GARANTIA POR TEMPO DE SERVICO",9511483
"ASSIN.DE JORNAIS,PERIODICOS E CLIPAGEM",7907903
"EXECUCAO DE OBRAS E INSTALACOES",6431497
"TRANSPORTE PARA LOCOMOCAO DE SERVIDORES",4849437
"BOLSA PARA MEDICOS RESIDENTES",4003952
"CONSERVACAO E MANUTENCAO DE IMOVEIS",3432867
"REFORMAS DE IMOVEIS_INCL.INSTAL.HIDRA.E ELET",3257011
"LOCACAO DE VEICULOS,AERONAVES E OUTROS",3195684
"EQUIP.E MOBIL.MED.-HOSPITALAR,ODONTOLOGICO",2641064
"ESTAGIARIOS DIRETAMENTE CONTRATADOS",2589081
"INDENIZ.POR DEMISSAO DE SERVID.OU EMPREG.",2527511
"COMPLEMENTACAO DE APOSENTADORIA",2412001
"OUTRAS DESPESAS DE EXERCICIOS ANTERIORES",2300433
VIGILANCIA,2128679
"OUTROS EQUIPAMENTOS E MATERIAL PERMANENTE",1943669
"CONSERV.MANUTENC.DE BENS MOVEIS E EQUIPAMENT",1876507
"TAXA DE ADMINISTRACAO A SAO PAULO PREV-SPPRE",1661864
"EQUIPAMENTOS PARA INFORMATICA",1570842
"CONTRIBUICAO PATRONAL",1568999
"LOCACAO DE MAQUINAS E EQUIPAMENTOS DIVERSOS",1553881
"ARTIGOS DE HIGIENE PESSOAL",1518079
"PESSOAL CIVIL PAGO PELA UNIDADE-13 SALARIO",1392878
"PASSAGENS AEREAS",1365391
"INDENIZACOES E RESTITUICOES DIVERSAS",1234826
"DESPESAS MIUDAS E DE PRONTO PAGAMENTO",1116025
INSTALACOES,1071391
"LOCACAO DE IMOVEIS",1055951
"LOC.DE MAQ. REPROGRAFICAS S/MAO DE OBRA",990774
"SERV.PROGRAMAS E APLICATIVOS DE INFORMATICA",858060
"MATERIAL MEDICO,HOSPITALAR E ODONTOLOGICO",835830
"SERVICOS,PROGRAMAS,APLICATIVOS DE INFORMATIC",799716
"OUTROS MATERIAIS DE CONSUMO",721776
"GERENCIAMENTO DE ABASTECIMENTO DE COMBUSTIVE",699909
"TELEFONIA FIXA",657681
VALE-TRANSPORTE,619574
"SERVICOS GRAFICOS",607361
"SENTENCAS JUDICIAIS",599925
"FRETES E TRANSPORTES",593814
"ENCARGOS SOCIAIS E OBRIGACOES FISCAIS",567223
"AJUDA DE CUSTO A COLABORADORES EVENTUAIS",564155
"MATERIAL DE ACONDICIONAMENTO E EMBALAGEM",530015
"AUXILIO FUNERAL - PODER EXECUTIVO - INATIVOS",521746
"MATERIAL DE USO LABORATORIAL",505440
"CONTRATACAO DE CURSOS PARA SERVIDOR PUBLICO",496318
"SERVICOS DE APOIO AO ENSINO",482544
"MOBILIARIO EM GERAL",474228
"MATERIAL DE ESCRITORIO PAPELARIA E IMPRESSOS",463344
"INSTAL.MANUT.DE EQUIP.DE INFORMATICA",433031
"MATERIAL EDUCATIVO E CULTURAL",431639
"ESTUDOS E PROJETOS",426736
"DIARIAS PESSOAL CIVIL",397363
"DIARIAS NO EXTERIOR",380006
"SERVICOS DE CORREIOS",353719
"PECAS DE REPOSICAO E ACESSORIOS",348629
"MATERIAL INSTALACAO ELETRICA E ELETRONICA",298939
"OUTROS SERVICOS",294197
"TELEFONIA MOVEL CELULAR",290962
"MATERIAL P/ CONSERVACAO E MANUT. DE IMOVEIS",275755
"MATERIAL E UTENS.P/REFEITORIO,COPA E COZINHA",257793
"PECAS E ACESSOR.E COMPONENTES DE INFORMATICA",240126
"MATERIAL DE LIMPEZA",223307
"ALIMENTOS PARA ANIMAIS",218758
"RESSARCIM.DE DESPESA-PESSOAL REQUISITADO",191765
"MATERIAL PROT.SEGUR.SOCORRO E SOBREVIVENCIA",167025
"MATERIAIS E SUPRIMENTOS DE INFORMATICA",162726
"FGTS-13 SALARIO",156794
"DESPESAS DECORRENTES DE ACOES JUDICIAIS",141174
IPTU,138985
"CARGA DESCARGA EMPAC.PESAGEM DIST.LOG.ARMAZE",131799
"AUXILIO FINANCEIRO A PESQUISADORES",130810
"MEDICAMENTOS E INSUMOS FARMACEUTICOS",123502
"LIVROS P/BIBLIO.PUBLI,MAPAS,OUTRAS PUBLICACA",121681
"AGUA E ESGOTOS",117118
"OUTROS COMBUSTIVEIS E LUBRIFICANTES",115170
"AUXILIO FUNERAL - PODER EXECUTIVO",110615
LIMPEZA,106957
"ENC.PATRO.POR DEMISSAO DE SERVIDOR/EMPREGADO",97845
"OUTRAS DESP.C/TRANSPORTES E LOCOMOCAO",91517
"SEGURO DE VIDA",79544
"MATERIAL ESPORTIVO E DE LAZER",76619
"OUTRAS OBRIGACOES TRIBUTARIAS E CONTRIBUTIVA",75526
"INSTAL.REPAR.MANUT.DIVI,PORTAS,CORT,PERS.AFI",75418
"REFORMAS DE BENS IMOVEIS E DE DOM.PUBLICO",70717
"OUTRAS REMUNERACOES DE SERVICOS PESSOAIS",66451
"AUXILIOS A PESSOAS FISICAS",63608
"VEICULOS DIVERSOS",62400
"DEDETIZACAO,DESINSETIZACAO E DESRATIZACAO",62170
"SERVICOS DE COMUNICACAO DE DADOS",61623
"OBRAS E INSTALACOES",51019
"PENSAO JUDICIAL DE CARATER INDENIZATORIO",50143
"CONGRESSOS,SEMINARIOS,SIMPOSIOS E CONGENERES",38761
"FARDAMENTO,VESTUARIO,UNIFOR,TECIDO, AVIAMENT",36831
"OUTRAS TAXAS",35466
"ENERGIA ELETRICA",35008
"GENEROS ALIMENTICIOS",34915
"CONSERV.ESTRADAS E OUTROS BENS DE DOM.PUBLIC",31644
"LOCACAO DE IMOVEIS",31401
"OUTROS SERV.CONSULTORIA,ASSESS.E AUDITORIA",27718
"MONITORES, FISCAIS E EXAMINADORES",22494
"FORNEC.ALIMENTACAO PREPARADA-DEMAIS SERV.PUB",19998
"OUTROS SERVICOS DE TERCEIROS",19879
"TRANSPORTE ESCOLAR",19756
"PREMIO EM PECUNIA",18000
"BOLSA-AUXILIO PROGR.QUALIFICACAO PROFISSIONA",16800
"SEGURO DE VEICULO",14617
PROPAGANDA/PUBLICIDADE,13753
"PUBLICIDADE LEGAL",12274
"AJUDA DE CUSTO-PESSOAL CIVIL",10675
"PROJ.OU PESQ.DE CIENCIA,TECNOLOGIA E INOVACA",10634
"SERVICOS TECNICOS E ESPECIALIZADOS",10528
"EXAMES LABORATORIAIS",10355
"CURSOS, PALESTRAS",9690
"MATERIAL EDUCATIVO,CULTURAL E RECREATIVO",9070
"ALIMEN.HOSPED.P/EVENTOS PROG.PELA INSTITUICA",8319
"PROJ.PESQ.LEVANTAM.PROSP.E ANALISE DE DADOS",7450
"SERVICOS/APRESENTACOES ARTISTICAS E CULTURAI",7100
"COMPLEMENTACAO DE APOSENTADORIA - 13ºSALARIO",6889
"MATERIAL DE USO VETERINARIO",6670
"CONTR.CURSOS INCL.QUALIF.PROFIS.EXT.SERV.PUB",5600
"OUTROS SEGUROS",5005
"INSCRICOES EM EVENTOS DIVERSOS",4640
"MATERIAL PARA FOTOGRAFIA E FILMAGEM",3635
"MATERIAL PARA TELECOMUNICACOES",2750
"SERVICO DE LAVANDERIA",2366
"MAQUINAS E MOTORES",2325
"BANDEIRAS, FLAMULAS, INSIGNIAS",2058
"SERVICOS DE CONSULTORIA-PESSOA JURIDICA",1950
"FERRAM.AVULSAS NAO ACION.P/FORCA MOTRIZ",1425
"SEMENTES E MUDAS DE PLANTAS",710
"OUTRAS DESPESAS DE EXERCICIOS ANTERIORES",118
"CONSULT.ELABOR.DE ESTUDOS E PROJETOS BASICOS",102
"AUDIO,VIDEO,FOTO E PROJECAO",0
"LOC.MAQ.REPROGAFICAS C/MAO DE OBRA",0
"SERVICOS DIVERSOS DE CONSERVACAO E MANUTENCA",0
INATIVOS-RPPS,0
