total,nome_pais
468,
255,Colômbia
108,Espanha
104,Argentina
71,Chile
60,Peru
48,México
42,França
33,Japão
27,Alemanha
22,"Estados Unidos da América"
15,Itália
15,Uruguai
14,Bolívia
12,China
12,Paraguai
10,Equador
10,"Coréia do Sul"
9,Portugal
5,Benin
5,Venezuela
5,Dinamarca
4,Noruega
4,Bélgica
4,Inglaterra
4,Índia
3,Turquia
3,Gana
3,"Reino Unido"
3,Polônia
2,Austrália
2,Nigéria
2,Guatemala
1,Israel
1,Angola
1,Suécia
1,"República Dominicana"
1,Camarões
1,Quênia
1,Tunísia
1,Zambia
1,Grécia
1,Cuba
1,"Cabo Verde"
1,Escócia
1,Egito
1,Panamá
1,Ucrânia
